insert into users (id, full_name, email, role) values
('11111111-1111-1111-1111-111111111111','Анна МОП','mop@eastside.local','manager'),
('22222222-2222-2222-2222-222222222222','Виталий Диагност','diagnostic@eastside.local','diagnostic'),
('33333333-3333-3333-3333-333333333333','Руководитель EastSide','admin@eastside.local','admin')
on conflict (id) do nothing;

insert into products (id, name, category, target_client, included_services, price, duration, success_criteria) values
('aaaaaaaa-aaaa-aaaa-aaaa-aaaaaaaaaaaa','Поступление в Китай Premium','Поступление','Бакалавриат/магистратура с грантовой или частичной траекторией','Подбор вузов, стратегия, документы, подача, контроль дедлайнов, поддержка семьи',280000,'6-10 месяцев','Поданы заявки по утвержденной стратегии'),
('bbbbbbbb-bbbb-bbbb-bbbb-bbbbbbbbbbbb','Языковой год + поступление','Языковой год','Клиенты со слабым языком или неопределенной программой','Подбор языкового года, подготовка документов, последующая стратегия поступления',180000,'12 месяцев','Клиент выходит на реалистичную траекторию поступления'),
('cccccccc-cccc-cccc-cccc-cccccccccccc','Магистратура/PhD Strategy','Поступление','Студенты бакалавриата и магистратуры','Подбор программ, research fit, документы, рекомендации, подача',320000,'6-12 месяцев','Поданы заявки в целевые программы')
on conflict (id) do nothing;

insert into parents (id, full_name, phone, messenger, email, relationship, decision_influence, main_concerns) values
('10000000-0000-0000-0000-000000000001','Елена Смирнова','+79990000001','Telegram','elena@example.com','мама','основной ЛПР','Безопасность, грант, качество университета'),
('10000000-0000-0000-0000-000000000002','Олег Ким','+79990000002','WhatsApp','oleg@example.com','папа','влияет','Бюджет, перспективы трудоустройства'),
('10000000-0000-0000-0000-000000000003','Марина Волкова','+79990000003','Telegram','marina@example.com','мама','основной ЛПР','Язык, адаптация, сроки')
on conflict (id) do nothing;

insert into students (id, full_name, age, grade_or_year, city, country, current_school, decision_role, student_contact, parent_id) values
('20000000-0000-0000-0000-000000000001','Артем Смирнов',16,'10 класс','Хабаровск','Россия','Гимназия №1','родитель + ученик','@artem_student','10000000-0000-0000-0000-000000000001'),
('20000000-0000-0000-0000-000000000002','Даниил Ким',21,'4 курс','Москва','Россия','Технический университет','ученик','@danil_ai','10000000-0000-0000-0000-000000000002'),
('20000000-0000-0000-0000-000000000003','София Волкова',17,'11 класс','Владивосток','Россия','Лицей','родитель','@sofia_lang','10000000-0000-0000-0000-000000000003')
on conflict (id) do nothing;

insert into leads (id, source, status, student_id, parent_id, assigned_mop_id, assigned_diagnostic_id, lead_temperature, next_action_at) values
('30000000-0000-0000-0000-000000000001','Вебинар','Офер сделан','20000000-0000-0000-0000-000000000001','10000000-0000-0000-0000-000000000001','11111111-1111-1111-1111-111111111111','22222222-2222-2222-2222-222222222222','горячий',now() + interval '1 day'),
('30000000-0000-0000-0000-000000000002','Telegram','Заключение готово','20000000-0000-0000-0000-000000000002','10000000-0000-0000-0000-000000000002','11111111-1111-1111-1111-111111111111','22222222-2222-2222-2222-222222222222','теплый',now() + interval '2 days'),
('30000000-0000-0000-0000-000000000003','Рекомендация','Купил','20000000-0000-0000-0000-000000000003','10000000-0000-0000-0000-000000000003','11111111-1111-1111-1111-111111111111','22222222-2222-2222-2222-222222222222','горячий',now() + interval '3 days')
on conflict (id) do nothing;

insert into qualification_forms (id, lead_id, program_level, target_country, china_priority, desired_intake_year, desired_language, target_major, existing_university_preferences, scholarship_understanding, average_grade, strong_subjects, weak_subjects, competitions, portfolio_status, motivation, english_level, english_exam, chinese_level, hsk_status, ready_to_learn_chinese, real_study_language, budget_type, budget_amount, urgency, why_abroad, fears, parent_priorities, student_priorities, choice_criteria, mop_comment) values
('40000000-0000-0000-0000-000000000001','30000000-0000-0000-0000-000000000001','Бакалавриат','Китай','Высокий',2027,'Английский','Business / Economics','Шанхай, Ханчжоу, Шэньчжэнь','Понимают частично','4.5/5','математика, английский','китайский','участие в школьных проектах','слабое','Хочет международную карьеру','B1','нет','начальный','нет','да','Английский','Частичное финансирование',450000,'планово','Карьера и международная среда','Боятся не получить грант','Рейтинг, безопасность, стоимость','Город, профессия, перспективы','Рейтинг, город, безопасность, стоимость','Семья готова к диагностике'),
('40000000-0000-0000-0000-000000000002','30000000-0000-0000-0000-000000000002','Магистратура','Китай','Высокий',2026,'Английский','AI / Computer Science','Tsinghua, SUSTech, CUHK-Shenzhen','Понимают базово','4.7/5','математика, программирование','нет публикаций','хакатон, pet projects','среднее','Хочет AI-карьеру в Азии','B2','Duolingo планируется','HSK 2','нет','да','Английский','Грант + частичная оплата',600000,'срочно','Сильные AI-программы и Китай как tech-рынок','Боится поздних дедлайнов','Сила программы и трудоустройство','Research fit и город','Рейтинг, лаборатории, гранты','Нужно проверить дедлайны'),
('40000000-0000-0000-0000-000000000003','30000000-0000-0000-0000-000000000003','Языковой год','Китай','Высокий',2026,'Китайский','Chinese Language + дальнейшее поступление','Harbin / Shanghai','Слабо понимают','4.1/5','гуманитарные предметы','английский','нет','нет','Хочет учиться в Китае, но язык слабый','A2','нет','нулевой','нет','да','Китайский после языкового года','Только грант',300000,'планово','Нужна понятная траектория после школы','Боятся, что ребенок не справится','Безопасность и адаптация','Живой китайский и студенческая среда','Цена, безопасность, поддержка','Купили языковую траекторию')
on conflict (id) do nothing;

insert into diagnostic_sessions (id, lead_id, diagnostic_id, scheduled_at, completed_at, format, duration_minutes, session_status, notes) values
('50000000-0000-0000-0000-000000000001','30000000-0000-0000-0000-000000000001','22222222-2222-2222-2222-222222222222',now() - interval '3 days',now() - interval '3 days','Zoom',60,'проведена','Нужен фокус на английские программы'),
('50000000-0000-0000-0000-000000000002','30000000-0000-0000-0000-000000000002','22222222-2222-2222-2222-222222222222',now() - interval '1 day',now() - interval '1 day','Zoom',75,'проведена','Сильный профиль, но дедлайны срочные'),
('50000000-0000-0000-0000-000000000003','30000000-0000-0000-0000-000000000003','22222222-2222-2222-2222-222222222222',now() - interval '10 days',now() - interval '10 days','Zoom',50,'проведена','Языковой год оптимален')
on conflict (id) do nothing;

insert into diagnostic_reports (id, lead_id, student_id, session_id, status, client_summary, current_situation, current_point_a, target_point_b, gap_analysis, limitations, opportunities, student_independence, parent_involvement, family_readiness, strategy_summary, primary_strategy, reserve_strategy, language_strategy, funding_strategy, portfolio_strategy, document_strategy, timeline_strategy, diagnostic_conclusion, created_by, approved_by) values
('60000000-0000-0000-0000-000000000001','30000000-0000-0000-0000-000000000001','20000000-0000-0000-0000-000000000001','50000000-0000-0000-0000-000000000001','Офер сделан','Есть реалистичный маршрут на англоязычный бакалавриат в Китае по Business/Economics при усилении языка и портфолио.','10 класс, хороший средний балл, английский B1, китайский начальный.','Есть мотивация и академическая база, но нет подтвержденного языка и финального списка вузов.','Поступление на англоязычный бакалавриат в Китае с частичным финансированием.','Нужно усилить язык, портфолио, выбрать пул вузов и дедлайны.','Язык, портфолио, неопределенность по грантам.','Города Ханчжоу/Шанхай/Шэньчжэнь, бизнес-направления, частичное финансирование.','средняя','высокая','готовы к системной подготовке','Портфельная подача: амбициозные, реалистичные и безопасные варианты.','Англоязычный бакалавриат Business/Economics.','Языковой год + китайскоязычная программа.','B1 → B2 + Duolingo/IELTS.','Частичные гранты + платные safe-options.','Проекты, мотивация, рекомендации.','Паспорт, аттестат, переводы, рекомендации, мотивационное.','Старт подготовки сейчас, подача в основной цикл.','Рекомендуется сопровождение Premium.', '22222222-2222-2222-2222-222222222222','33333333-3333-3333-3333-333333333333'),
('60000000-0000-0000-0000-000000000002','30000000-0000-0000-0000-000000000002','20000000-0000-0000-0000-000000000002','50000000-0000-0000-0000-000000000002','Заключение готово','Сильный кандидат на магистратуру AI/CS, нужна быстрая верификация дедлайнов и research fit.','4 курс, сильная академика, проекты, английский B2.','Хорошая база, но нет финального списка лабораторий и рекомендаций.','Магистратура AI/CS в топовых tech-вузах Китая.','Критичны дедлайны, research statement, рекомендации и язык.','Сроки, конкуренция, отсутствие публикаций.','AI-проекты, высокий GPA, сильный интерес к Китаю.','высокая','средняя','готовы к быстрому старту','Фокус на research-fit и быстрые дедлайны.','Магистратура AI/CS на английском.','Более широкий список вузов второго эшелона.','Подтвердить английский Duolingo/IELTS.','Гранты + частичная оплата.','Упаковать проекты и GitHub.','Диплом, транскрипт, рекомендации, study plan.','Срочный старт в течение недели.','Рекомендуется магистерское сопровождение.', '22222222-2222-2222-2222-222222222222','33333333-3333-3333-3333-333333333333'),
('60000000-0000-0000-0000-000000000003','30000000-0000-0000-0000-000000000003','20000000-0000-0000-0000-000000000003','50000000-0000-0000-0000-000000000003','Купил','Оптимальный маршрут — языковой год в Китае с последующей грантовой траекторией.','11 класс, китайский с нуля, английский A2.','Есть интерес к Китаю, но язык недостаточен для прямого поступления.','Языковой год, затем поступление на китайскоязычную программу.','Нужно языковое погружение, адаптация и последующая стратегия.','Язык, адаптация, бюджет.','Более широкий выбор грантов после языкового года.','средняя','высокая','готовы','Языковой год как безопасный вход в китайское образование.','Языковой год + HSK.','Англоязычная программа при усилении английского.','Китайский с нуля до HSK.','Искать программы с доступной стоимостью.','Постепенно формировать достижения.','Пакет для языкового года.','Запуск подготовки документов сейчас.','Рекомендуется продукт языковой год + поступление.', '22222222-2222-2222-2222-222222222222','33333333-3333-3333-3333-333333333333')
on conflict (id) do nothing;

insert into chance_assessments (report_id, chance_level, chance_score, why, positive_factors, negative_factors, required_improvements, critical_deadlines, exam_requirements, document_requirements, risks, confidence_level, diagnostic_comment) values
('60000000-0000-0000-0000-000000000001','Средний шанс',64,'Шанс реалистичен при усилении языка и портфельной подаче.','Хороший средний балл, мотивация, поддержка семьи','Нет экзамена, слабое портфолио','Английский, портфолио, список вузов','Осень-зима перед поступлением','Duolingo/IELTS','Аттестат, переводы, рекомендации','Поздняя подача, язык','средняя','Проверить программы по бизнесу'),
('60000000-0000-0000-0000-000000000002','Условный шанс',58,'Высокий потенциал, но мало времени до дедлайнов.','GPA, AI-проекты, английский','Нет публикаций, дедлайны','Research statement и рекомендации','Ближайшие 2-6 недель','Duolingo/IELTS','Транскрипт, рекомендации, study plan','Поздний старт','средняя','Срочно собрать short-list'),
('60000000-0000-0000-0000-000000000003','Высокий шанс',78,'Языковой год подходит текущей точке А.','Мотивация, готовность семьи','Язык с нуля','Документы и базовый китайский','Летний период','не требуется или внутренний тест','Паспорт, аттестат, анкета','Адаптация','высокая','Хороший клиент для long-term сопровождения');

insert into pain_points (id, report_id, pain_category, pain_text, source, severity, priority, is_client_visible) values
('70000000-0000-0000-0000-000000000001','60000000-0000-0000-0000-000000000001','выбор вуза','Не понимают, какие университеты реально подходят','родитель',5,'Высокий',true),
('70000000-0000-0000-0000-000000000002','60000000-0000-0000-0000-000000000002','сроки','Боятся пропустить дедлайны','ученик',5,'Высокий',true),
('70000000-0000-0000-0000-000000000003','60000000-0000-0000-0000-000000000003','язык','Китайский с нуля, есть страх адаптации','родитель',4,'Средний',true)
on conflict (id) do nothing;

insert into solutions (report_id, pain_point_id, solution_text, eastside_action, product_feature, client_value, is_client_visible) values
('60000000-0000-0000-0000-000000000001','70000000-0000-0000-0000-000000000001','Предварительный подбор 8-12 вузов по шансам, бюджету и языку','EastSide формирует портфель заявок','Подбор вузов','Семья видит реалистичный маршрут',true),
('60000000-0000-0000-0000-000000000002','70000000-0000-0000-0000-000000000002','Срочный календарь дедлайнов и приоритетная подача','EastSide проверяет дедлайны и собирает пакет','Проектное сопровождение','Снижается риск опоздания',true),
('60000000-0000-0000-0000-000000000003','70000000-0000-0000-0000-000000000003','Языковой год с адаптацией и последующим планом поступления','EastSide подбирает программу и сопровождает документы','Языковой год','Плавный вход в Китай',true);

insert into university_recommendations (report_id, university_name, city, country, direction, program_name, program_level, language, funding_type, tuition_estimate, scholarship_available, requirements_summary, fit_reason, realism_status, risks, verification_status, diagnostic_comment, is_client_visible) values
('60000000-0000-0000-0000-000000000001','Zhejiang University of Finance & Economics','Ханчжоу','Китай','Business / Economics','Economics / Business','Бакалавриат','Английский/Китайский','Платное/частичное',180000,'требует проверки','Аттестат, язык, пакет документов','Город и направление соответствуют запросу','Реалистичный','Нужно проверить актуальный язык программы','Требует проверки','Предварительный вариант',true),
('60000000-0000-0000-0000-000000000001','Shanghai University','Шанхай','Китай','Business','International Business','Бакалавриат','Английский','Платное/частичное',240000,'требует проверки','Аттестат, английский','Шанхай как сильная бизнес-среда','Целевой','Конкуренция и бюджет','Требует проверки','Проверить дедлайны',true),
('60000000-0000-0000-0000-000000000002','SUSTech','Шэньчжэнь','Китай','AI / Computer Science','Computer Science','Магистратура','Английский','Грант/частичное',350000,'требует проверки','GPA, английский, research fit','Сильная tech-среда Шэньчжэня','Амбициозный','Высокая конкуренция','Требует проверки','Нужен research fit',true),
('60000000-0000-0000-0000-000000000003','Harbin Institute language program','Харбин','Китай','Chinese Language','Chinese Language Year','Языковой год','Китайский','Платное/грант требует проверки',165000,'требует проверки','Анкета, документы','Подходит для старта с нуля','Безопасный','Климат и адаптация','Требует проверки','Проверить текущие условия',true);

insert into roadmaps (id, report_id, roadmap_type, start_month, end_month, owner, priority) values
('80000000-0000-0000-0000-000000000001','60000000-0000-0000-0000-000000000001','Поступление','Май','Март','EastSide + семья','Высокий'),
('80000000-0000-0000-0000-000000000002','60000000-0000-0000-0000-000000000002','Магистратура','Май','Январь','EastSide + студент','Высокий'),
('80000000-0000-0000-0000-000000000003','60000000-0000-0000-0000-000000000003','Языковой год','Май','Август','EastSide + семья','Средний')
on conflict (id) do nothing;

insert into roadmap_items (roadmap_id, month, title, description, responsible_role, deadline, status, is_client_visible) values
('80000000-0000-0000-0000-000000000001','Май','Утвердить стратегию','Выбрать основную и резервную траектории','EastSide + семья',current_date + 14,'В работе',true),
('80000000-0000-0000-0000-000000000001','Июнь','Языковой план','Запустить подготовку к Duolingo/IELTS','Ученик + EastSide',current_date + 45,'Не начато',true),
('80000000-0000-0000-0000-000000000002','Май','Research-fit','Собрать список программ и научных интересов','EastSide + студент',current_date + 7,'В работе',true),
('80000000-0000-0000-0000-000000000003','Май','Документы для языкового года','Собрать паспорт, аттестат, анкету','Семья + EastSide',current_date + 20,'Готово',true);

insert into offers (report_id, recommended_product_id, tariff, price, payment_options, offer_reason, included_services, expected_result, next_step, valid_until, offer_status) values
('60000000-0000-0000-0000-000000000001','aaaaaaaa-aaaa-aaaa-aaaa-aaaaaaaaaaaa','Premium',280000,'полная оплата / рассрочка','Нужна комплексная стратегия поступления','Подбор, документы, подача, контроль','Запуск управляемого маршрута поступления','Заключить договор и стартовать подготовку',current_date + 7,'Офер сделан'),
('60000000-0000-0000-0000-000000000002','cccccccc-cccc-cccc-cccc-cccccccccccc','Strategy Pro',320000,'полная оплата','Срочный кейс магистратуры','Research fit, документы, подача','Сформировать конкурентную заявку','Утвердить short-list',current_date + 5,'Ожидается решение'),
('60000000-0000-0000-0000-000000000003','bbbbbbbb-bbbb-bbbb-bbbb-bbbbbbbbbbbb','Language Track',180000,'полная оплата / 2 платежа','Языковой год оптимален','Подбор программы, документы, сопровождение','Поступление на языковой год','Передача в сопровождение',current_date + 10,'Купил');

insert into internal_comments (report_id, author_id, comment_type, text, visibility) values
('60000000-0000-0000-0000-000000000001','22222222-2222-2222-2222-222222222222','sales','Семья теплая, нужен акцент на безопасность и понятный список вузов.','team_only'),
('60000000-0000-0000-0000-000000000002','22222222-2222-2222-2222-222222222222','risk','Критично не затянуть с дедлайнами.','team_only'),
('60000000-0000-0000-0000-000000000003','22222222-2222-2222-2222-222222222222','handoff','После оплаты сразу назначить куратора по языковому году.','team_only');
